,precision,recall,f1-score,support
0,0.8435415403274712,0.8979987088444158,0.8699186991869919,1549.0
1,0.6572668112798264,0.5401069518716578,0.5929549902152642,561.0
accuracy,0.8028436018957346,0.8028436018957346,0.8028436018957346,0.8028436018957346
macro avg,0.7504041758036488,0.7190528303580368,0.7314368447011281,2110.0
weighted avg,0.7940154156849457,0.8028436018957346,0.7962804808300539,2110.0
