fpr,tpr,threshold
0.0,0.0,inf
0.19948353776630084,0.6827094474153298,1.0
1.0,1.0,0.0
