accuracy,roc_auc
0.7644549763033175,0.8155051444839924
