,precision,recall,f1-score,support
0,0.8474240422721269,0.8282763072950291,0.8377407770159974,1549.0
1,0.5536912751677853,0.5882352941176471,0.5704407951598962,561.0
accuracy,0.7644549763033175,0.7644549763033175,0.7644549763033175,0.7644549763033175
macro avg,0.700557658719956,0.7082558007063381,0.7040907860879468,2110.0
weighted avg,0.7693273207813516,0.7644549763033175,0.7666719192807969,2110.0
