,precision,recall,f1-score,support
0,0.8613138686131386,0.8160442600276625,0.8380681818181818,723.0
1,0.8252299605781866,0.8686030428769018,0.8463611859838276,723.0
accuracy,0.8423236514522822,0.8423236514522822,0.8423236514522822,0.8423236514522822
macro avg,0.8432719145956626,0.8423236514522822,0.8422146839010047,1446.0
weighted avg,0.8432719145956625,0.8423236514522822,0.8422146839010047,1446.0
