accuracy,roc_auc
0.7691943127962085,0.8307078685691073
